"Bowie, MD",2000-01-31,189866.62960668575
"Bowie, MD",2000-02-29,189588.0015916591
"Bowie, MD",2000-03-31,189405.32111108716
"Bowie, MD",2000-04-30,189073.67002127215
"Bowie, MD",2000-05-31,189164.60943127787
"Bowie, MD",2000-06-30,189604.73997229416
"Bowie, MD",2000-07-31,190284.5163841416
"Bowie, MD",2000-08-31,190601.59323403984
"Bowie, MD",2000-09-30,191125.94030089164
"Bowie, MD",2000-10-31,192043.5230012384
"Bowie, MD",2000-11-30,193408.9217756079
"Bowie, MD",2000-12-31,194657.2493905473
"Bowie, MD",2001-01-31,195406.0754796666
"Bowie, MD",2001-02-28,195948.50400911723
"Bowie, MD",2001-03-31,196446.2044940289
"Bowie, MD",2001-04-30,197322.2443011944
"Bowie, MD",2001-05-31,198632.3475361425
"Bowie, MD",2001-06-30,200063.15672248937
"Bowie, MD",2001-07-31,201417.41859597285
"Bowie, MD",2001-08-31,202961.74435700112
"Bowie, MD",2001-09-30,204748.920887558
"Bowie, MD",2001-10-31,206669.6554421951
"Bowie, MD",2001-11-30,208844.58587352568
"Bowie, MD",2001-12-31,211133.33688201875
"Bowie, MD",2002-01-31,213332.8036380188
"Bowie, MD",2002-02-28,214658.70756198568
"Bowie, MD",2002-03-31,215985.855591731
"Bowie, MD",2002-04-30,217569.86062031932
"Bowie, MD",2002-05-31,219989.0314971942
"Bowie, MD",2002-06-30,222563.2943251473
"Bowie, MD",2002-07-31,225579.11319028836
"Bowie, MD",2002-08-31,228879.2121957004
"Bowie, MD",2002-09-30,232128.4967272148
"Bowie, MD",2002-10-31,235219.9418086613
"Bowie, MD",2002-11-30,237375.8414424483
"Bowie, MD",2002-12-31,239673.58894273968
"Bowie, MD",2003-01-31,241811.3150209655
"Bowie, MD",2003-02-28,244170.5038299696
"Bowie, MD",2003-03-31,246325.1386247618
"Bowie, MD",2003-04-30,248585.22703382705
"Bowie, MD",2003-05-31,251564.2477494314
"Bowie, MD",2003-06-30,254562.5409055551
"Bowie, MD",2003-07-31,257924.38715635604
"Bowie, MD",2003-08-31,261216.5307825814
"Bowie, MD",2003-09-30,265194.63202712307
"Bowie, MD",2003-10-31,269354.3048479739
"Bowie, MD",2003-11-30,273257.815048197
"Bowie, MD",2003-12-31,276065.9519663086
"Bowie, MD",2004-01-31,278097.83912485465
"Bowie, MD",2004-02-29,280494.2901791404
"Bowie, MD",2004-03-31,283419.90040112066
"Bowie, MD",2004-04-30,286747.8637975603
"Bowie, MD",2004-05-31,289967.6982536979
"Bowie, MD",2004-06-30,293958.54956204235
"Bowie, MD",2004-07-31,299193.3651374699
"Bowie, MD",2004-08-31,305328.2003823876
"Bowie, MD",2004-09-30,311566.2373123921
"Bowie, MD",2004-10-31,317461.16364754684
"Bowie, MD",2004-11-30,322414.3188289215
"Bowie, MD",2004-12-31,327858.615206814
"Bowie, MD",2005-01-31,333333.77004535514
"Bowie, MD",2005-02-28,339650.3327049526
"Bowie, MD",2005-03-31,344486.9010832067
"Bowie, MD",2005-04-30,349696.84863053187
"Bowie, MD",2005-05-31,355362.8650243632
"Bowie, MD",2005-06-30,362923.7043766053
"Bowie, MD",2005-07-31,370972.33360038913
"Bowie, MD",2005-08-31,378592.811413548
"Bowie, MD",2005-09-30,386349.8616807892
"Bowie, MD",2005-10-31,394169.1060467312
"Bowie, MD",2005-11-30,401310.7872217498
"Bowie, MD",2005-12-31,407523.0500311191
"Bowie, MD",2006-01-31,411752.5098279303
"Bowie, MD",2006-02-28,415807.0509000406
"Bowie, MD",2006-03-31,420430.1128893678
"Bowie, MD",2006-04-30,425808.1159130928
"Bowie, MD",2006-05-31,430914.6458800456
"Bowie, MD",2006-06-30,434180.6851074408
"Bowie, MD",2006-07-31,438583.4193424927
"Bowie, MD",2006-08-31,443553.9987714218
"Bowie, MD",2006-09-30,447485.54736715485
"Bowie, MD",2006-10-31,448610.2695507603
"Bowie, MD",2006-11-30,449146.172540881
"Bowie, MD",2006-12-31,449541.0810059048
"Bowie, MD",2007-01-31,449743.7230297741
"Bowie, MD",2007-02-28,448540.3864106294
"Bowie, MD",2007-03-31,448402.04829372326
"Bowie, MD",2007-04-30,447986.5153072006
"Bowie, MD",2007-05-31,447112.9108366815
"Bowie, MD",2007-06-30,445573.7133623512
"Bowie, MD",2007-07-31,443867.7797086455
"Bowie, MD",2007-08-31,443164.5597189427
"Bowie, MD",2007-09-30,442857.0670172709
"Bowie, MD",2007-10-31,440414.4358889938
"Bowie, MD",2007-11-30,434972.2799853773
"Bowie, MD",2007-12-31,428120.2909859295
"Bowie, MD",2008-01-31,425082.337129744
"Bowie, MD",2008-02-29,422229.7439090162
"Bowie, MD",2008-03-31,418677.5888071051
"Bowie, MD",2008-04-30,414039.08167287806
"Bowie, MD",2008-05-31,408985.55921978975
"Bowie, MD",2008-06-30,402820.0450480041
"Bowie, MD",2008-07-31,393456.9983763856
"Bowie, MD",2008-08-31,385356.4287410112
"Bowie, MD",2008-09-30,378017.39738682937
"Bowie, MD",2008-10-31,372206.5650822455
"Bowie, MD",2008-11-30,367928.7410715059
"Bowie, MD",2008-12-31,364974.8655271179
"Bowie, MD",2009-01-31,361845.01673101465
"Bowie, MD",2009-02-28,353924.81779514585
"Bowie, MD",2009-03-31,343741.8467353505
"Bowie, MD",2009-04-30,333684.39314947504
"Bowie, MD",2009-05-31,327681.963339574
"Bowie, MD",2009-06-30,323695.8329019621
"Bowie, MD",2009-07-31,318659.47585858457
"Bowie, MD",2009-08-31,312996.2563798649
"Bowie, MD",2009-09-30,307047.2812678854
"Bowie, MD",2009-10-31,302859.7381695272
"Bowie, MD",2009-11-30,300336.0868863586
"Bowie, MD",2009-12-31,298155.50346007623
"Bowie, MD",2010-01-31,296326.6298618224
"Bowie, MD",2010-02-28,294165.57688581146
"Bowie, MD",2010-03-31,292073.9440978418
"Bowie, MD",2010-04-30,289625.5495598335
"Bowie, MD",2010-05-31,287686.24421003734
"Bowie, MD",2010-06-30,286698.1896933608
"Bowie, MD",2010-07-31,286294.53802889906
"Bowie, MD",2010-08-31,285598.29104709445
"Bowie, MD",2010-09-30,284255.6050939469
"Bowie, MD",2010-10-31,282865.71991491463
"Bowie, MD",2010-11-30,280829.73347700963
"Bowie, MD",2010-12-31,278788.43781215005
"Bowie, MD",2011-01-31,277309.61692725547
"Bowie, MD",2011-02-28,276596.8811913295
"Bowie, MD",2011-03-31,276943.813349453
"Bowie, MD",2011-04-30,277200.35277317005
"Bowie, MD",2011-05-31,276478.3363370963
"Bowie, MD",2011-06-30,275803.9078313918
"Bowie, MD",2011-07-31,274111.1628504037
"Bowie, MD",2011-08-31,272229.6922422505
"Bowie, MD",2011-09-30,268441.259379324
"Bowie, MD",2011-10-31,265576.11524695164
"Bowie, MD",2011-11-30,264414.78166836675
"Bowie, MD",2011-12-31,264776.9977386436
"Bowie, MD",2012-01-31,264910.92508395034
"Bowie, MD",2012-02-29,264818.2667430623
"Bowie, MD",2012-03-31,264351.7116445001
"Bowie, MD",2012-04-30,264892.8448467832
"Bowie, MD",2012-05-31,265794.22864089743
"Bowie, MD",2012-06-30,267193.90770792885
"Bowie, MD",2012-07-31,267823.224550147
"Bowie, MD",2012-08-31,268397.18690288527
"Bowie, MD",2012-09-30,269629.2821958475
"Bowie, MD",2012-10-31,271296.5091368998
"Bowie, MD",2012-11-30,273584.2742517993
"Bowie, MD",2012-12-31,275862.4331584924
"Bowie, MD",2013-01-31,278118.3070719375
"Bowie, MD",2013-02-28,280217.37324612244
"Bowie, MD",2013-03-31,282246.54948576743
"Bowie, MD",2013-04-30,284783.4796925367
"Bowie, MD",2013-05-31,287647.10166552576
"Bowie, MD",2013-06-30,290405.1620971148
"Bowie, MD",2013-07-31,293168.2014240436
"Bowie, MD",2013-08-31,295762.97205651243
"Bowie, MD",2013-09-30,298371.71120290755
"Bowie, MD",2013-10-31,300674.18192140333
"Bowie, MD",2013-11-30,302473.89552780514
"Bowie, MD",2013-12-31,304503.8608289443
"Bowie, MD",2014-01-31,306096.6051947258
"Bowie, MD",2014-02-28,307984.4609004383
"Bowie, MD",2014-03-31,309656.2744194061
"Bowie, MD",2014-04-30,312047.22984919325
"Bowie, MD",2014-05-31,313965.4902374302
"Bowie, MD",2014-06-30,315120.2032428776
"Bowie, MD",2014-07-31,315558.2873510934
"Bowie, MD",2014-08-31,315796.4218004688
"Bowie, MD",2014-09-30,316640.8400048974
"Bowie, MD",2014-10-31,317567.9273640982
"Bowie, MD",2014-11-30,318805.2778681056
"Bowie, MD",2014-12-31,319542.9826128294
"Bowie, MD",2015-01-31,319482.35318829986
"Bowie, MD",2015-02-28,319770.9921881703
"Bowie, MD",2015-03-31,320665.2792065628
"Bowie, MD",2015-04-30,322333.9611451979
"Bowie, MD",2015-05-31,323943.4845593804
"Bowie, MD",2015-06-30,325098.518097436
"Bowie, MD",2015-07-31,326549.6916886506
"Bowie, MD",2015-08-31,327661.9253750099
"Bowie, MD",2015-09-30,328768.64822754165
"Bowie, MD",2015-10-31,330066.6584521292
"Bowie, MD",2015-11-30,331511.3090394968
"Bowie, MD",2015-12-31,333535.46057700535
"Bowie, MD",2016-01-31,335253.8605874277
"Bowie, MD",2016-02-29,337289.6738543259
"Bowie, MD",2016-03-31,338709.9391609137
"Bowie, MD",2016-04-30,339787.747035568
"Bowie, MD",2016-05-31,340566.29923864227
"Bowie, MD",2016-06-30,341133.06909246184
"Bowie, MD",2016-07-31,341718.9048505072
"Bowie, MD",2016-08-31,341427.7613396891
"Bowie, MD",2016-09-30,341652.0533836743
"Bowie, MD",2016-10-31,342504.1029743794
"Bowie, MD",2016-11-30,344041.4986060044
"Bowie, MD",2016-12-31,345861.3582031437
"Bowie, MD",2017-01-31,347181.8547066161
"Bowie, MD",2017-02-28,349124.0412359692
"Bowie, MD",2017-03-31,351149.322836926
"Bowie, MD",2017-04-30,353399.1708853209
"Bowie, MD",2017-05-31,354865.28830757254
"Bowie, MD",2017-06-30,355289.0560516117
"Bowie, MD",2017-07-31,355784.48285181524
"Bowie, MD",2017-08-31,356471.3008593206
"Bowie, MD",2017-09-30,358113.54585132544
"Bowie, MD",2017-10-31,359774.8003769928
"Bowie, MD",2017-11-30,361341.1822717821
"Bowie, MD",2017-12-31,362758.2507072403
"Bowie, MD",2018-01-31,363518.9769788042
"Bowie, MD",2018-02-28,364200.6965744391
"Bowie, MD",2018-03-31,365288.828855973
"Bowie, MD",2018-04-30,366826.43828793854
"Bowie, MD",2018-05-31,368554.6794155093
"Bowie, MD",2018-06-30,369282.2049500807
"Bowie, MD",2018-07-31,369860.5870166096
"Bowie, MD",2018-08-31,370077.7270279406
"Bowie, MD",2018-09-30,370752.5360142852
"Bowie, MD",2018-10-31,371546.95503646525
"Bowie, MD",2018-11-30,372147.41980731447
"Bowie, MD",2018-12-31,372153.6453315153
"Bowie, MD",2019-01-31,371711.6862347172
"Bowie, MD",2019-02-28,371875.01599116967
"Bowie, MD",2019-03-31,373229.1724079866
"Bowie, MD",2019-04-30,375308.1535875837
"Bowie, MD",2019-05-31,377133.2672849291
"Bowie, MD",2019-06-30,378268.17083196825
"Bowie, MD",2019-07-31,379271.223329614
"Bowie, MD",2019-08-31,380071.6996216127
"Bowie, MD",2019-09-30,380703.0316130113
"Bowie, MD",2019-10-31,381190.844250811
"Bowie, MD",2019-11-30,382036.0998522046
"Bowie, MD",2019-12-31,383034.4064624722
"Bowie, MD",2020-01-31,384800.04383379786
"Bowie, MD",2020-02-29,387363.87845288106
"Bowie, MD",2020-03-31,390554.107604312
"Bowie, MD",2020-04-30,393309.403226065
"Bowie, MD",2020-05-31,394810.6663660652
"Bowie, MD",2020-06-30,395631.0428171824
"Bowie, MD",2020-07-31,396859.6579343367
"Bowie, MD",2020-08-31,399341.0364061192
"Bowie, MD",2020-09-30,403600.2248655706
"Bowie, MD",2020-10-31,408778.8484491104
"Bowie, MD",2020-11-30,414541.3178759183
"Bowie, MD",2020-12-31,420256.94324500137
"Bowie, MD",2021-01-31,426187.9438239669
"Bowie, MD",2021-02-28,432843.7017307177
"Bowie, MD",2021-03-31,440049.0110954576
"Bowie, MD",2021-04-30,447754.7498602155
"Bowie, MD",2021-05-31,455226.20754174766
"Bowie, MD",2021-06-30,461492.4498350868
"Bowie, MD",2021-07-31,465141.4456210099
"Bowie, MD",2021-08-31,466176.7864424282
"Bowie, MD",2021-09-30,465879.8939027991
"Bowie, MD",2021-10-31,466314.8605449618
"Bowie, MD",2021-11-30,467583.64498526347
"Bowie, MD",2021-12-31,469626.624078987
"Bowie, MD",2022-01-31,472499.68696761614
"Bowie, MD",2022-02-28,476716.95589247806
"Bowie, MD",2022-03-31,482163.7834445692
"Bowie, MD",2022-04-30,487337.6222113714
"Bowie, MD",2022-05-31,491787.1723371148
"Bowie, MD",2022-06-30,494442.499856126
"Bowie, MD",2022-07-31,494535.1805111161
"Bowie, MD",2022-08-31,492281.596200041
"Bowie, MD",2022-09-30,489115.100094916
"Bowie, MD",2022-10-31,487116.1910378763
"Bowie, MD",2022-11-30,485970.6879410311
"Bowie, MD",2022-12-31,484982.9697152584
"Bowie, MD",2023-01-31,484303.1497342666
"Bowie, MD",2023-02-28,484122.7647931228
"Bowie, MD",2023-03-31,484910.9466040908
"Bowie, MD",2023-04-30,486552.9590644957
"Bowie, MD",2023-05-31,489212.1332855818
"Bowie, MD",2023-06-30,492704.5788407264
"Bowie, MD",2023-07-31,495557.1020156105
"Bowie, MD",2023-08-31,497708.0302792308
"Bowie, MD",2023-09-30,498607.68636098993
"Bowie, MD",2023-10-31,498910.3447891897
"Bowie, MD",2023-11-30,498403.8562679873
"Bowie, MD",2023-12-31,498174.26597372704
"Bowie, MD",2024-01-31,498094.9375271968
"Bowie, MD",2024-02-29,499316.93645745405
"Bowie, MD",2024-03-31,501555.4024530497
"Bowie, MD",2024-04-30,504922.5786636809
"Bowie, MD",2024-05-31,507456.18354652287
"Bowie, MD",2024-06-30,508389.636968835
"Bowie, MD",2024-07-31,508092.0746201203
"Bowie, MD",2024-08-31,507748.940280668
"Bowie, MD",2024-09-30,508365.6391969748
"Bowie, MD",2024-10-31,509747.1139610636
"Bowie, MD",2024-11-30,511541.3911101673
"Bowie, MD",2024-12-31,512923.1982729104
"Bowie, MD",2025-01-31,514141.40356249857
"Bowie, MD",2025-02-28,514921.1704245812
"Bowie, MD",2025-03-31,515284.0319308794
"Bowie, MD",2025-04-30,515535.64848952834
"Bowie, MD",2025-05-31,515308.3112494131
"Bowie, MD",2025-06-30,514951.53857225954
"Bowie, MD",2025-07-31,514771.0852912154
"Bowie, MD",2025-08-31,514762.2278217603
"Bowie, MD",2025-09-30,514700.6185515148
"Bowie, MD",2025-10-31,514531.2276386146
"Bowie, MD",2025-11-30,514518.255265885
"Franklin, TN",2000-01-31,237299.61469024516
"Franklin, TN",2000-02-29,237584.0041456196
"Franklin, TN",2000-03-31,237707.92788098264
"Franklin, TN",2000-04-30,238174.36408308704
"Franklin, TN",2000-05-31,238667.9136390992
"Franklin, TN",2000-06-30,239336.67448848765
"Franklin, TN",2000-07-31,239872.990940774
"Franklin, TN",2000-08-31,240399.1130747856
"Franklin, TN",2000-09-30,240885.02733603632
"Franklin, TN",2000-10-31,241416.31825261784
"Franklin, TN",2000-11-30,241800.6666008317
"Franklin, TN",2000-12-31,242130.1654154987
"Franklin, TN",2001-01-31,242305.5907789479
"Franklin, TN",2001-02-28,242525.1345739173
"Franklin, TN",2001-03-31,242812.85668665005
"Franklin, TN",2001-04-30,243307.0824760657
"Franklin, TN",2001-05-31,243740.83268019464
"Franklin, TN",2001-06-30,244263.7748769672
"Franklin, TN",2001-07-31,244732.9140183428
"Franklin, TN",2001-08-31,245371.17438308467
"Franklin, TN",2001-09-30,245872.21411509367
"Franklin, TN",2001-10-31,246487.2487989778
"Franklin, TN",2001-11-30,247195.59869376765
"Franklin, TN",2001-12-31,247939.9349676231
"Franklin, TN",2002-01-31,248323.05001019407
"Franklin, TN",2002-02-28,248529.25016617903
"Franklin, TN",2002-03-31,248673.2275756429
"Franklin, TN",2002-04-30,249075.2693235686
"Franklin, TN",2002-05-31,249734.80553378697
"Franklin, TN",2002-06-30,250544.37912933133
"Franklin, TN",2002-07-31,251531.5639782931
"Franklin, TN",2002-08-31,252431.7146169585
"Franklin, TN",2002-09-30,253321.51343572108
"Franklin, TN",2002-10-31,254126.78253756723
"Franklin, TN",2002-11-30,254902.9212120836
"Franklin, TN",2002-12-31,255784.89810796885
"Franklin, TN",2003-01-31,256560.9382739826
"Franklin, TN",2003-02-28,257147.5807019734
"Franklin, TN",2003-03-31,257452.8215153001
"Franklin, TN",2003-04-30,257656.39909224768
"Franklin, TN",2003-05-31,257871.03018137053
"Franklin, TN",2003-06-30,258180.99534203808
"Franklin, TN",2003-07-31,258539.72228082607
"Franklin, TN",2003-08-31,259184.51630551243
"Franklin, TN",2003-09-30,260112.6839332865
"Franklin, TN",2003-10-31,261383.3474520608
"Franklin, TN",2003-11-30,262572.93421172886
"Franklin, TN",2003-12-31,263726.10678181093
"Franklin, TN",2004-01-31,264596.07161293854
"Franklin, TN",2004-02-29,265458.3304781807
"Franklin, TN",2004-03-31,266299.52508034353
"Franklin, TN",2004-04-30,267438.65967382834
"Franklin, TN",2004-05-31,268903.0530812098
"Franklin, TN",2004-06-30,270620.63701084006
"Franklin, TN",2004-07-31,272710.80427961936
"Franklin, TN",2004-08-31,274927.58686714893
"Franklin, TN",2004-09-30,277601.6433207241
"Franklin, TN",2004-10-31,280348.6427097986
"Franklin, TN",2004-11-30,282988.8235368533
"Franklin, TN",2004-12-31,285025.5110579996
"Franklin, TN",2005-01-31,286253.22052980546
"Franklin, TN",2005-02-28,286788.4325466392
"Franklin, TN",2005-03-31,287659.2933200849
"Franklin, TN",2005-04-30,289243.21746207395
"Franklin, TN",2005-05-31,291603.40312375745
"Franklin, TN",2005-06-30,294238.88388607843
"Franklin, TN",2005-07-31,297062.50588355254
"Franklin, TN",2005-08-31,299989.663018153
"Franklin, TN",2005-09-30,302300.53286527045
"Franklin, TN",2005-10-31,304185.7359074805
"Franklin, TN",2005-11-30,306110.4900564094
"Franklin, TN",2005-12-31,308339.322777743
"Franklin, TN",2006-01-31,311076.8547045697
"Franklin, TN",2006-02-28,313815.40751513065
"Franklin, TN",2006-03-31,316900.77790207026
"Franklin, TN",2006-04-30,320333.0892850599
"Franklin, TN",2006-05-31,325105.7681114575
"Franklin, TN",2006-06-30,329849.39680129825
"Franklin, TN",2006-07-31,335284.2952903978
"Franklin, TN",2006-08-31,339414.2748737044
"Franklin, TN",2006-09-30,343618.03733556595
"Franklin, TN",2006-10-31,346878.127910208
"Franklin, TN",2006-11-30,349625.18978891167
"Franklin, TN",2006-12-31,351885.3724313442
"Franklin, TN",2007-01-31,353848.76904357696
"Franklin, TN",2007-02-28,356109.48460320785
"Franklin, TN",2007-03-31,358115.21546386456
"Franklin, TN",2007-04-30,359829.48969102465
"Franklin, TN",2007-05-31,361388.9656579988
"Franklin, TN",2007-06-30,363092.8003433144
"Franklin, TN",2007-07-31,364312.78447695234
"Franklin, TN",2007-08-31,365528.5902983824
"Franklin, TN",2007-09-30,365531.9625099532
"Franklin, TN",2007-10-31,365137.9906757506
"Franklin, TN",2007-11-30,363373.7608144384
"Franklin, TN",2007-12-31,362105.423994919
"Franklin, TN",2008-01-31,360213.9441823426
"Franklin, TN",2008-02-29,359136.1471472456
"Franklin, TN",2008-03-31,357854.9664135289
"Franklin, TN",2008-04-30,357130.43272176903
"Franklin, TN",2008-05-31,355759.74812923925
"Franklin, TN",2008-06-30,354074.71207778173
"Franklin, TN",2008-07-31,352009.3889986847
"Franklin, TN",2008-08-31,349842.60693342966
"Franklin, TN",2008-09-30,347978.3154273808
"Franklin, TN",2008-10-31,346313.231251083
"Franklin, TN",2008-11-30,345163.8654092078
"Franklin, TN",2008-12-31,344053.1371101492
"Franklin, TN",2009-01-31,342404.52387496625
"Franklin, TN",2009-02-28,340833.4155668094
"Franklin, TN",2009-03-31,338878.24961332226
"Franklin, TN",2009-04-30,337149.443368804
"Franklin, TN",2009-05-31,335002.3477117216
"Franklin, TN",2009-06-30,333252.47762317915
"Franklin, TN",2009-07-31,332018.4528986363
"Franklin, TN",2009-08-31,331320.1900695514
"Franklin, TN",2009-09-30,330661.4534319862
"Franklin, TN",2009-10-31,329803.9071011236
"Franklin, TN",2009-11-30,328059.3770042159
"Franklin, TN",2009-12-31,326112.98613372655
"Franklin, TN",2010-01-31,324356.21273878217
"Franklin, TN",2010-02-28,323786.4647950818
"Franklin, TN",2010-03-31,323738.7975442317
"Franklin, TN",2010-04-30,324665.0289857012
"Franklin, TN",2010-05-31,325200.6239628138
"Franklin, TN",2010-06-30,325231.8510867358
"Franklin, TN",2010-07-31,323731.76639831386
"Franklin, TN",2010-08-31,322344.9626546749
"Franklin, TN",2010-09-30,321410.0980221992
"Franklin, TN",2010-10-31,321064.5622337555
"Franklin, TN",2010-11-30,320912.6624354681
"Franklin, TN",2010-12-31,320045.2356803002
"Franklin, TN",2011-01-31,320411.6444991524
"Franklin, TN",2011-02-28,320808.27319257666
"Franklin, TN",2011-03-31,322020.1526935293
"Franklin, TN",2011-04-30,322784.2493862508
"Franklin, TN",2011-05-31,323432.8882786256
"Franklin, TN",2011-06-30,323833.552412614
"Franklin, TN",2011-07-31,323577.23696467007
"Franklin, TN",2011-08-31,322929.2828459918
"Franklin, TN",2011-09-30,321973.6277728112
"Franklin, TN",2011-10-31,320889.3248369961
"Franklin, TN",2011-11-30,320768.3755471863
"Franklin, TN",2011-12-31,321855.4574394273
"Franklin, TN",2012-01-31,323747.81536628207
"Franklin, TN",2012-02-29,324585.4511682543
"Franklin, TN",2012-03-31,324432.5018956617
"Franklin, TN",2012-04-30,323444.6226289393
"Franklin, TN",2012-05-31,322960.37323378754
"Franklin, TN",2012-06-30,323353.8738627252
"Franklin, TN",2012-07-31,324686.8006221601
"Franklin, TN",2012-08-31,326731.3694670011
"Franklin, TN",2012-09-30,329010.3798209273
"Franklin, TN",2012-10-31,331208.1779062495
"Franklin, TN",2012-11-30,333111.6123026873
"Franklin, TN",2012-12-31,334459.5390578842
"Franklin, TN",2013-01-31,336073.2334269727
"Franklin, TN",2013-02-28,338171.58240287896
"Franklin, TN",2013-03-31,340649.46345101384
"Franklin, TN",2013-04-30,342908.55406128854
"Franklin, TN",2013-05-31,344915.48333680193
"Franklin, TN",2013-06-30,347327.8721738647
"Franklin, TN",2013-07-31,350010.685867606
"Franklin, TN",2013-08-31,352760.5504006489
"Franklin, TN",2013-09-30,355167.8516190998
"Franklin, TN",2013-10-31,357632.5887451761
"Franklin, TN",2013-11-30,360114.5136692724
"Franklin, TN",2013-12-31,362332.3704658568
"Franklin, TN",2014-01-31,364213.68262994615
"Franklin, TN",2014-02-28,365799.8945692628
"Franklin, TN",2014-03-31,367709.4768457964
"Franklin, TN",2014-04-30,369252.62801458495
"Franklin, TN",2014-05-31,370961.1593515353
"Franklin, TN",2014-06-30,372524.5547614473
"Franklin, TN",2014-07-31,374366.8559931622
"Franklin, TN",2014-08-31,375853.003460737
"Franklin, TN",2014-09-30,377424.10702560487
"Franklin, TN",2014-10-31,378993.8795057721
"Franklin, TN",2014-11-30,380926.7009895176
"Franklin, TN",2014-12-31,382778.2967987238
"Franklin, TN",2015-01-31,385138.594099998
"Franklin, TN",2015-02-28,388106.5381217105
"Franklin, TN",2015-03-31,391046.66958051897
"Franklin, TN",2015-04-30,393199.144739206
"Franklin, TN",2015-05-31,395156.8610154491
"Franklin, TN",2015-06-30,397379.10635966127
"Franklin, TN",2015-07-31,400231.1126093405
"Franklin, TN",2015-08-31,402900.5101306217
"Franklin, TN",2015-09-30,405620.77267009794
"Franklin, TN",2015-10-31,408671.4286065747
"Franklin, TN",2015-11-30,412252.6668635886
"Franklin, TN",2015-12-31,416303.2949335394
"Franklin, TN",2016-01-31,419756.6099731415
"Franklin, TN",2016-02-29,422241.1439257636
"Franklin, TN",2016-03-31,423749.77282258176
"Franklin, TN",2016-04-30,425059.5102313343
"Franklin, TN",2016-05-31,426578.197564598
"Franklin, TN",2016-06-30,428466.55351680174
"Franklin, TN",2016-07-31,430671.30392497807
"Franklin, TN",2016-08-31,432566.16325435136
"Franklin, TN",2016-09-30,434122.0868448652
"Franklin, TN",2016-10-31,436293.5601845779
"Franklin, TN",2016-11-30,439665.1272626809
"Franklin, TN",2016-12-31,443668.62794559664
"Franklin, TN",2017-01-31,447092.2787030232
"Franklin, TN",2017-02-28,449905.196518197
"Franklin, TN",2017-03-31,452871.2887624872
"Franklin, TN",2017-04-30,455954.7112781803
"Franklin, TN",2017-05-31,458669.5450061043
"Franklin, TN",2017-06-30,460820.9321565376
"Franklin, TN",2017-07-31,462986.1332202981
"Franklin, TN",2017-08-31,465352.5786475944
"Franklin, TN",2017-09-30,467800.0145636285
"Franklin, TN",2017-10-31,470253.88096131576
"Franklin, TN",2017-11-30,472124.2274588333
"Franklin, TN",2017-12-31,474226.64562300994
"Franklin, TN",2018-01-31,476245.6265685752
"Franklin, TN",2018-02-28,478596.25442313583
"Franklin, TN",2018-03-31,480601.4613069056
"Franklin, TN",2018-04-30,482207.5464220389
"Franklin, TN",2018-05-31,484214.6517383469
"Franklin, TN",2018-06-30,486055.6958956258
"Franklin, TN",2018-07-31,488967.171084183
"Franklin, TN",2018-08-31,491252.6241792065
"Franklin, TN",2018-09-30,493711.42317032814
"Franklin, TN",2018-10-31,495584.2672150738
"Franklin, TN",2018-11-30,497672.0404740055
"Franklin, TN",2018-12-31,499285.3294649169
"Franklin, TN",2019-01-31,501596.2154698428
"Franklin, TN",2019-02-28,504773.2383283125
"Franklin, TN",2019-03-31,509004.7690410044
"Franklin, TN",2019-04-30,512416.4135246158
"Franklin, TN",2019-05-31,515345.55923297344
"Franklin, TN",2019-06-30,517285.4063450087
"Franklin, TN",2019-07-31,518637.66049401386
"Franklin, TN",2019-08-31,520001.4758808692
"Franklin, TN",2019-09-30,522097.2237744071
"Franklin, TN",2019-10-31,524762.4743712136
"Franklin, TN",2019-11-30,526574.8627547488
"Franklin, TN",2019-12-31,528295.1982884706
"Franklin, TN",2020-01-31,529457.295665935
"Franklin, TN",2020-02-29,532093.4687997788
"Franklin, TN",2020-03-31,535342.8709615525
"Franklin, TN",2020-04-30,538868.7875217655
"Franklin, TN",2020-05-31,540375.219792174
"Franklin, TN",2020-06-30,540742.934505681
"Franklin, TN",2020-07-31,541668.0867244649
"Franklin, TN",2020-08-31,545002.3507106997
"Franklin, TN",2020-09-30,551236.629017969
"Franklin, TN",2020-10-31,560532.4700674687
"Franklin, TN",2020-11-30,570779.951096574
"Franklin, TN",2020-12-31,580158.4293489755
"Franklin, TN",2021-01-31,587487.7450866177
"Franklin, TN",2021-02-28,594952.8041789848
"Franklin, TN",2021-03-31,604120.4402841068
"Franklin, TN",2021-04-30,615764.2304887935
"Franklin, TN",2021-05-31,630990.3359847132
"Franklin, TN",2021-06-30,649591.5333784777
"Franklin, TN",2021-07-31,668777.5994313234
"Franklin, TN",2021-08-31,684389.2630955479
"Franklin, TN",2021-09-30,695794.8523828118
"Franklin, TN",2021-10-31,705251.5462573989
"Franklin, TN",2021-11-30,717152.31052761
"Franklin, TN",2021-12-31,730890.1657692866
"Franklin, TN",2022-01-31,750559.7067143699
"Franklin, TN",2022-02-28,775800.3252421338
"Franklin, TN",2022-03-31,806249.1988054784
"Franklin, TN",2022-04-30,837752.8867451433
"Franklin, TN",2022-05-31,863465.8612936257
"Franklin, TN",2022-06-30,880183.9439958171
"Franklin, TN",2022-07-31,884351.2714444324
"Franklin, TN",2022-08-31,879098.8067823477
"Franklin, TN",2022-09-30,869883.9664153069
"Franklin, TN",2022-10-31,861115.558441629
"Franklin, TN",2022-11-30,853505.1293156599
"Franklin, TN",2022-12-31,846136.6406229218
"Franklin, TN",2023-01-31,837973.046392229
"Franklin, TN",2023-02-28,830740.4527521551
"Franklin, TN",2023-03-31,825923.1532793125
"Franklin, TN",2023-04-30,825161.1133310435
"Franklin, TN",2023-05-31,828254.7031035721
"Franklin, TN",2023-06-30,834353.3793827054
"Franklin, TN",2023-07-31,841013.7558270249
"Franklin, TN",2023-08-31,847204.7793757385
"Franklin, TN",2023-09-30,852170.3807457451
"Franklin, TN",2023-10-31,856105.2832046389
"Franklin, TN",2023-11-30,858500.9643913967
"Franklin, TN",2023-12-31,858349.234883431
"Franklin, TN",2024-01-31,856915.5389936035
"Franklin, TN",2024-02-29,857162.7224174669
"Franklin, TN",2024-03-31,860644.2021456911
"Franklin, TN",2024-04-30,865905.096118026
"Franklin, TN",2024-05-31,869966.0721498393
"Franklin, TN",2024-06-30,873295.3729912405
"Franklin, TN",2024-07-31,875703.7234108831
"Franklin, TN",2024-08-31,878926.1740762657
"Franklin, TN",2024-09-30,880569.6404486421
"Franklin, TN",2024-10-31,882593.1833498125
"Franklin, TN",2024-11-30,884361.7308154423
"Franklin, TN",2024-12-31,887401.8156369338
"Franklin, TN",2025-01-31,890701.6307299981
"Franklin, TN",2025-02-28,892639.1883704053
"Franklin, TN",2025-03-31,892542.8765348996
"Franklin, TN",2025-04-30,891861.5092281987
"Franklin, TN",2025-05-31,890256.694675315
"Franklin, TN",2025-06-30,888460.1379249446
"Franklin, TN",2025-07-31,885160.9074602189
"Franklin, TN",2025-08-31,883356.8184798093
"Franklin, TN",2025-09-30,884056.50927896
"Franklin, TN",2025-10-31,888196.2465087733
"Franklin, TN",2025-11-30,894313.5553798076
"Murfreesboro, TN",2000-01-31,133320.89283766004
"Murfreesboro, TN",2000-02-29,133351.55397380667
"Murfreesboro, TN",2000-03-31,133554.47000404572
"Murfreesboro, TN",2000-04-30,133905.67534798014
"Murfreesboro, TN",2000-05-31,134451.46200578587
"Murfreesboro, TN",2000-06-30,134989.24166959303
"Murfreesboro, TN",2000-07-31,135530.70498203006
"Murfreesboro, TN",2000-08-31,135968.5129835617
"Murfreesboro, TN",2000-09-30,136381.57759490967
"Murfreesboro, TN",2000-10-31,136875.7334480002
"Murfreesboro, TN",2000-11-30,137408.58072526363
"Murfreesboro, TN",2000-12-31,137911.5209949984
"Murfreesboro, TN",2001-01-31,138206.66553869864
"Murfreesboro, TN",2001-02-28,138439.73782327698
"Murfreesboro, TN",2001-03-31,138626.43336595912
"Murfreesboro, TN",2001-04-30,138898.11943867794
"Murfreesboro, TN",2001-05-31,139250.34060964573
"Murfreesboro, TN",2001-06-30,139600.92237055887
"Murfreesboro, TN",2001-07-31,139891.54196749828
"Murfreesboro, TN",2001-08-31,140104.8479882165
"Murfreesboro, TN",2001-09-30,140422.75196897323
"Murfreesboro, TN",2001-10-31,140866.9036428602
"Murfreesboro, TN",2001-11-30,141228.05167738738
"Murfreesboro, TN",2001-12-31,141434.66667766156
"Murfreesboro, TN",2002-01-31,141505.24811227256
"Murfreesboro, TN",2002-02-28,141661.34498612906
"Murfreesboro, TN",2002-03-31,141767.79008323982
"Murfreesboro, TN",2002-04-30,141914.11810785942
"Murfreesboro, TN",2002-05-31,142093.16428143636
"Murfreesboro, TN",2002-06-30,142381.30613593393
"Murfreesboro, TN",2002-07-31,142668.81820807347
"Murfreesboro, TN",2002-08-31,142972.03005772858
"Murfreesboro, TN",2002-09-30,143139.7785308199
"Murfreesboro, TN",2002-10-31,143406.19418468757
"Murfreesboro, TN",2002-11-30,143677.26160203002
"Murfreesboro, TN",2002-12-31,144142.00828422568
"Murfreesboro, TN",2003-01-31,144581.48101103667
"Murfreesboro, TN",2003-02-28,144973.08380710398
"Murfreesboro, TN",2003-03-31,145268.58209143378
"Murfreesboro, TN",2003-04-30,145626.7495360548
"Murfreesboro, TN",2003-05-31,145986.12662562777
"Murfreesboro, TN",2003-06-30,146418.57162551538
"Murfreesboro, TN",2003-07-31,146652.6247272179
"Murfreesboro, TN",2003-08-31,146915.1789954238
"Murfreesboro, TN",2003-09-30,147236.3837061885
"Murfreesboro, TN",2003-10-31,147734.8960496822
"Murfreesboro, TN",2003-11-30,148318.99548628114
"Murfreesboro, TN",2003-12-31,148826.7219473047
"Murfreesboro, TN",2004-01-31,149194.9646922971
"Murfreesboro, TN",2004-02-29,149456.28971554202
"Murfreesboro, TN",2004-03-31,149719.91424987584
"Murfreesboro, TN",2004-04-30,150122.30274938638
"Murfreesboro, TN",2004-05-31,150588.5089050759
"Murfreesboro, TN",2004-06-30,151099.21141518044
"Murfreesboro, TN",2004-07-31,151669.1073077364
"Murfreesboro, TN",2004-08-31,152305.42618058322
"Murfreesboro, TN",2004-09-30,153015.67242728136
"Murfreesboro, TN",2004-10-31,153719.86398733058
"Murfreesboro, TN",2004-11-30,154375.02262130458
"Murfreesboro, TN",2004-12-31,154928.01163812075
"Murfreesboro, TN",2005-01-31,155579.72996822334
"Murfreesboro, TN",2005-02-28,156278.6068239685
"Murfreesboro, TN",2005-03-31,156954.66466905564
"Murfreesboro, TN",2005-04-30,157653.0334468251
"Murfreesboro, TN",2005-05-31,158470.6857538968
"Murfreesboro, TN",2005-06-30,159406.39745397927
"Murfreesboro, TN",2005-07-31,160407.10014041406
"Murfreesboro, TN",2005-08-31,161426.54481493667
"Murfreesboro, TN",2005-09-30,162465.88219051083
"Murfreesboro, TN",2005-10-31,163599.56711280506
"Murfreesboro, TN",2005-11-30,164543.3219527929
"Murfreesboro, TN",2005-12-31,165390.62294593206
"Murfreesboro, TN",2006-01-31,165855.30905768854
"Murfreesboro, TN",2006-02-28,166534.17563038506
"Murfreesboro, TN",2006-03-31,167133.66882566654
"Murfreesboro, TN",2006-04-30,168002.29034506605
"Murfreesboro, TN",2006-05-31,168638.74055491362
"Murfreesboro, TN",2006-06-30,169669.87165144793
"Murfreesboro, TN",2006-07-31,170687.92598467696
"Murfreesboro, TN",2006-08-31,172062.9408143526
"Murfreesboro, TN",2006-09-30,173479.1099412178
"Murfreesboro, TN",2006-10-31,174891.78378010137
"Murfreesboro, TN",2006-11-30,176073.4230918194
"Murfreesboro, TN",2006-12-31,177013.0228693917
"Murfreesboro, TN",2007-01-31,177399.02118498943
"Murfreesboro, TN",2007-02-28,177751.47348986016
"Murfreesboro, TN",2007-03-31,177963.24535767725
"Murfreesboro, TN",2007-04-30,178460.18407621546
"Murfreesboro, TN",2007-05-31,179051.65741497217
"Murfreesboro, TN",2007-06-30,179759.0549983233
"Murfreesboro, TN",2007-07-31,180492.00847737084
"Murfreesboro, TN",2007-08-31,180904.1234694766
"Murfreesboro, TN",2007-09-30,181213.7166440678
"Murfreesboro, TN",2007-10-31,181464.7655061496
"Murfreesboro, TN",2007-11-30,181342.56624532896
"Murfreesboro, TN",2007-12-31,180596.1366243352
"Murfreesboro, TN",2008-01-31,179679.9170743267
"Murfreesboro, TN",2008-02-29,179471.87478040883
"Murfreesboro, TN",2008-03-31,179877.5192687828
"Murfreesboro, TN",2008-04-30,180368.3716818248
"Murfreesboro, TN",2008-05-31,180391.78080884865
"Murfreesboro, TN",2008-06-30,180066.473224022
"Murfreesboro, TN",2008-07-31,179663.9107374351
"Murfreesboro, TN",2008-08-31,179331.0112968078
"Murfreesboro, TN",2008-09-30,179028.01205642484
"Murfreesboro, TN",2008-10-31,178475.43746710263
"Murfreesboro, TN",2008-11-30,177741.2808893209
"Murfreesboro, TN",2008-12-31,176942.51152216387
"Murfreesboro, TN",2009-01-31,176260.76257954328
"Murfreesboro, TN",2009-02-28,175443.45827794762
"Murfreesboro, TN",2009-03-31,174772.62982020315
"Murfreesboro, TN",2009-04-30,174110.83177285516
"Murfreesboro, TN",2009-05-31,173560.57538348026
"Murfreesboro, TN",2009-06-30,172969.43643870504
"Murfreesboro, TN",2009-07-31,172467.40300311375
"Murfreesboro, TN",2009-08-31,172282.020314632
"Murfreesboro, TN",2009-09-30,172201.15634506484
"Murfreesboro, TN",2009-10-31,172260.23637457078
"Murfreesboro, TN",2009-11-30,172086.02877972016
"Murfreesboro, TN",2009-12-31,171920.5841849871
"Murfreesboro, TN",2010-01-31,171605.23750013916
"Murfreesboro, TN",2010-02-28,171493.26180427056
"Murfreesboro, TN",2010-03-31,171524.70127344647
"Murfreesboro, TN",2010-04-30,171735.6147751184
"Murfreesboro, TN",2010-05-31,172039.89166916444
"Murfreesboro, TN",2010-06-30,172114.34612592266
"Murfreesboro, TN",2010-07-31,172004.59961281563
"Murfreesboro, TN",2010-08-31,171403.77549740937
"Murfreesboro, TN",2010-09-30,170811.0430997075
"Murfreesboro, TN",2010-10-31,170101.2311529012
"Murfreesboro, TN",2010-11-30,169503.70457871366
"Murfreesboro, TN",2010-12-31,168797.96885182275
"Murfreesboro, TN",2011-01-31,168039.3725299438
"Murfreesboro, TN",2011-02-28,167118.76458956112
"Murfreesboro, TN",2011-03-31,166284.80329377114
"Murfreesboro, TN",2011-04-30,165412.87375690593
"Murfreesboro, TN",2011-05-31,164463.17089872606
"Murfreesboro, TN",2011-06-30,163362.70817450076
"Murfreesboro, TN",2011-07-31,162476.26486901214
"Murfreesboro, TN",2011-08-31,161838.61187801583
"Murfreesboro, TN",2011-09-30,161261.49692685928
"Murfreesboro, TN",2011-10-31,160648.08762531783
"Murfreesboro, TN",2011-11-30,160715.01385416914
"Murfreesboro, TN",2011-12-31,161247.715263315
"Murfreesboro, TN",2012-01-31,161988.4321550205
"Murfreesboro, TN",2012-02-29,162334.2088404286
"Murfreesboro, TN",2012-03-31,162668.40020894387
"Murfreesboro, TN",2012-04-30,162944.6975084011
"Murfreesboro, TN",2012-05-31,163127.2423446752
"Murfreesboro, TN",2012-06-30,163371.55276321273
"Murfreesboro, TN",2012-07-31,163732.42918730972
"Murfreesboro, TN",2012-08-31,164140.5230124308
"Murfreesboro, TN",2012-09-30,164522.2127434801
"Murfreesboro, TN",2012-10-31,165069.50556054342
"Murfreesboro, TN",2012-11-30,165705.91251421778
"Murfreesboro, TN",2012-12-31,166174.06892816504
"Murfreesboro, TN",2013-01-31,166890.51967250404
"Murfreesboro, TN",2013-02-28,167865.81525452025
"Murfreesboro, TN",2013-03-31,169133.9975606181
"Murfreesboro, TN",2013-04-30,169980.66633267817
"Murfreesboro, TN",2013-05-31,170611.93866053224
"Murfreesboro, TN",2013-06-30,171142.86657836856
"Murfreesboro, TN",2013-07-31,171626.27103057015
"Murfreesboro, TN",2013-08-31,172019.16113630627
"Murfreesboro, TN",2013-09-30,172278.87613366786
"Murfreesboro, TN",2013-10-31,172618.66445628786
"Murfreesboro, TN",2013-11-30,173027.65006393814
"Murfreesboro, TN",2013-12-31,173681.76001222868
"Murfreesboro, TN",2014-01-31,174648.51608607278
"Murfreesboro, TN",2014-02-28,175763.42487299276
"Murfreesboro, TN",2014-03-31,176790.17543011028
"Murfreesboro, TN",2014-04-30,177512.876066376
"Murfreesboro, TN",2014-05-31,178254.39909585076
"Murfreesboro, TN",2014-06-30,178949.3396201297
"Murfreesboro, TN",2014-07-31,179669.60024022916
"Murfreesboro, TN",2014-08-31,180167.22516224335
"Murfreesboro, TN",2014-09-30,180596.07196797803
"Murfreesboro, TN",2014-10-31,181140.1160295288
"Murfreesboro, TN",2014-11-30,181967.7159121953
"Murfreesboro, TN",2014-12-31,182929.0733562874
"Murfreesboro, TN",2015-01-31,184281.1624894417
"Murfreesboro, TN",2015-02-28,185953.3032926659
"Murfreesboro, TN",2015-03-31,187874.18005413152
"Murfreesboro, TN",2015-04-30,189336.5227574931
"Murfreesboro, TN",2015-05-31,190636.89591177693
"Murfreesboro, TN",2015-06-30,191898.6232196616
"Murfreesboro, TN",2015-07-31,193697.5035990464
"Murfreesboro, TN",2015-08-31,195733.4268983344
"Murfreesboro, TN",2015-09-30,197978.81479705477
"Murfreesboro, TN",2015-10-31,200204.4037282669
"Murfreesboro, TN",2015-11-30,202380.6963283498
"Murfreesboro, TN",2015-12-31,204419.82009043865
"Murfreesboro, TN",2016-01-31,206413.4716582516
"Murfreesboro, TN",2016-02-29,208352.28402364347
"Murfreesboro, TN",2016-03-31,210235.77729707916
"Murfreesboro, TN",2016-04-30,212083.10412907088
"Murfreesboro, TN",2016-05-31,213851.2791903809
"Murfreesboro, TN",2016-06-30,215696.03813525505
"Murfreesboro, TN",2016-07-31,217536.3686546872
"Murfreesboro, TN",2016-08-31,219474.9948032929
"Murfreesboro, TN",2016-09-30,221476.49797647624
"Murfreesboro, TN",2016-10-31,223841.9714585476
"Murfreesboro, TN",2016-11-30,226480.39036527195
"Murfreesboro, TN",2016-12-31,229155.4655025622
"Murfreesboro, TN",2017-01-31,231524.84146994507
"Murfreesboro, TN",2017-02-28,233563.2210678945
"Murfreesboro, TN",2017-03-31,235644.5191012576
"Murfreesboro, TN",2017-04-30,237848.0318339993
"Murfreesboro, TN",2017-05-31,239906.3681660418
"Murfreesboro, TN",2017-06-30,241578.95950198488
"Murfreesboro, TN",2017-07-31,242785.82594845849
"Murfreesboro, TN",2017-08-31,243938.89869453583
"Murfreesboro, TN",2017-09-30,245182.4369248688
"Murfreesboro, TN",2017-10-31,246753.5984328109
"Murfreesboro, TN",2017-11-30,248477.20045659537
"Murfreesboro, TN",2017-12-31,250457.2626879428
"Murfreesboro, TN",2018-01-31,252240.0966708181
"Murfreesboro, TN",2018-02-28,253933.5692147863
"Murfreesboro, TN",2018-03-31,255438.1725270229
"Murfreesboro, TN",2018-04-30,257335.2671394729
"Murfreesboro, TN",2018-05-31,259537.79459045804
"Murfreesboro, TN",2018-06-30,261717.6938173076
"Murfreesboro, TN",2018-07-31,263625.4189465582
"Murfreesboro, TN",2018-08-31,265048.3943374209
"Murfreesboro, TN",2018-09-30,266037.4482712051
"Murfreesboro, TN",2018-10-31,266585.30069402413
"Murfreesboro, TN",2018-11-30,266946.54443054635
"Murfreesboro, TN",2018-12-31,267629.7038462579
"Murfreesboro, TN",2019-01-31,268452.7759777324
"Murfreesboro, TN",2019-02-28,269618.6440289659
"Murfreesboro, TN",2019-03-31,270802.8269000535
"Murfreesboro, TN",2019-04-30,271735.0575236101
"Murfreesboro, TN",2019-05-31,272501.83951272856
"Murfreesboro, TN",2019-06-30,273142.29116435023
"Murfreesboro, TN",2019-07-31,274298.62360356183
"Murfreesboro, TN",2019-08-31,275632.9528524869
"Murfreesboro, TN",2019-09-30,277068.4141338049
"Murfreesboro, TN",2019-10-31,278447.9754790463
"Murfreesboro, TN",2019-11-30,279833.3383112735
"Murfreesboro, TN",2019-12-31,281346.3021951963
"Murfreesboro, TN",2020-01-31,283011.9782577892
"Murfreesboro, TN",2020-02-29,284696.9853637352
"Murfreesboro, TN",2020-03-31,286160.77087974304
"Murfreesboro, TN",2020-04-30,287172.76366656175
"Murfreesboro, TN",2020-05-31,287639.6426678642
"Murfreesboro, TN",2020-06-30,288350.02752391604
"Murfreesboro, TN",2020-07-31,289456.0588972354
"Murfreesboro, TN",2020-08-31,291164.3137306012
"Murfreesboro, TN",2020-09-30,293458.29649324494
"Murfreesboro, TN",2020-10-31,296337.1365347091
"Murfreesboro, TN",2020-11-30,299748.2166317881
"Murfreesboro, TN",2020-12-31,303009.3152151641
"Murfreesboro, TN",2021-01-31,305988.44782267715
"Murfreesboro, TN",2021-02-28,309429.1495484968
"Murfreesboro, TN",2021-03-31,313453.90433392924
"Murfreesboro, TN",2021-04-30,317983.9866373821
"Murfreesboro, TN",2021-05-31,323134.622770223
"Murfreesboro, TN",2021-06-30,329535.3357230574
"Murfreesboro, TN",2021-07-31,337255.15670242056
"Murfreesboro, TN",2021-08-31,345128.9599387616
"Murfreesboro, TN",2021-09-30,352304.1984514068
"Murfreesboro, TN",2021-10-31,359459.36860181513
"Murfreesboro, TN",2021-11-30,367097.936907802
"Murfreesboro, TN",2021-12-31,375450.1183968442
"Murfreesboro, TN",2022-01-31,383742.59642698505
"Murfreesboro, TN",2022-02-28,392096.4122499423
"Murfreesboro, TN",2022-03-31,400396.0062583604
"Murfreesboro, TN",2022-04-30,409055.3870802386
"Murfreesboro, TN",2022-05-31,416874.0036126203
"Murfreesboro, TN",2022-06-30,423411.8918885975
"Murfreesboro, TN",2022-07-31,426688.7402589481
"Murfreesboro, TN",2022-08-31,427072.15113248
"Murfreesboro, TN",2022-09-30,425038.5096536132
"Murfreesboro, TN",2022-10-31,422543.1379547473
"Murfreesboro, TN",2022-11-30,419872.43721430335
"Murfreesboro, TN",2022-12-31,417221.4089618709
"Murfreesboro, TN",2023-01-31,414595.7863418655
"Murfreesboro, TN",2023-02-28,412507.8403490573
"Murfreesboro, TN",2023-03-31,410907.0356080549
"Murfreesboro, TN",2023-04-30,410037.8550558202
"Murfreesboro, TN",2023-05-31,409841.1179448664
"Murfreesboro, TN",2023-06-30,410558.3375800859
"Murfreesboro, TN",2023-07-31,410909.9047145217
"Murfreesboro, TN",2023-08-31,410961.19863411685
"Murfreesboro, TN",2023-09-30,410624.2737323553
"Murfreesboro, TN",2023-10-31,410499.49384703534
"Murfreesboro, TN",2023-11-30,410306.3813306995
"Murfreesboro, TN",2023-12-31,410110.1504245119
"Murfreesboro, TN",2024-01-31,410548.44205781206
"Murfreesboro, TN",2024-02-29,412064.5386435128
"Murfreesboro, TN",2024-03-31,414488.5447783037
"Murfreesboro, TN",2024-04-30,416305.4267670568
"Murfreesboro, TN",2024-05-31,417195.99536154215
"Murfreesboro, TN",2024-06-30,417125.84794498194
"Murfreesboro, TN",2024-07-31,417091.76457945583
"Murfreesboro, TN",2024-08-31,417194.9410948874
"Murfreesboro, TN",2024-09-30,417516.28841484775
"Murfreesboro, TN",2024-10-31,418020.0707978303
"Murfreesboro, TN",2024-11-30,418651.0965401176
"Murfreesboro, TN",2024-12-31,419278.2228485422
"Murfreesboro, TN",2025-01-31,420345.0549682062
"Murfreesboro, TN",2025-02-28,421338.48353541264
"Murfreesboro, TN",2025-03-31,422115.8484750264
"Murfreesboro, TN",2025-04-30,422392.9943342659
"Murfreesboro, TN",2025-05-31,422311.4335401735
"Murfreesboro, TN",2025-06-30,422040.2554471224
"Murfreesboro, TN",2025-07-31,421674.6286779191
"Murfreesboro, TN",2025-08-31,421643.8318737286
"Murfreesboro, TN",2025-09-30,421936.0759358308
"Murfreesboro, TN",2025-10-31,422089.3287921988
"Murfreesboro, TN",2025-11-30,422082.800211377
